category,scheme,title,url
Scheme page (facts),HDFC Large Cap Fund,HDFC Large Cap Fund – Direct Plan,https://www.hdfcfund.com/explore/mutual-funds/hdfc-large-cap-fund/direct
Scheme page (facts),HDFC Large Cap Fund,HDFC Large Cap Fund – Regular Plan,https://www.hdfcfund.com/explore/mutual-funds/hdfc-large-cap-fund/regular
KIM,HDFC Large Cap Fund,KIM dated May 30 2025,"https://files.hdfcfund.com/s3fs-public/KIM/2025-05/KIM%20-%20HDFC%20Large%20Cap%20Fund%20dated%20May%2030,%202025.pdf"
Scheme page (facts),HDFC Flexi Cap Fund,HDFC Flexi Cap Fund – Direct Plan,https://www.hdfcfund.com/explore/mutual-funds/hdfc-flexi-cap-fund/direct
Scheme page (facts),HDFC Flexi Cap Fund,HDFC Flexi Cap Fund – Regular Plan,https://www.hdfcfund.com/explore/mutual-funds/hdfc-flexi-cap-fund/regular
SID,HDFC Flexi Cap Fund,SID dated November 21 2025,"https://files.hdfcfund.com/s3fs-public/SID/2025-11/SID%20-%20HDFC%20Flexi%20Cap%20Fund%20dated%20November%2021,%202025_0.pdf"
Scheme page (facts),HDFC ELSS Tax Saver,HDFC ELSS Tax Saver – Direct Plan,https://www.hdfcfund.com/explore/mutual-funds/hdfc-elss-tax-saver/direct
Scheme page (facts),HDFC ELSS Tax Saver,HDFC ELSS Tax Saver – Regular Plan,https://www.hdfcfund.com/explore/mutual-funds/hdfc-elss-tax-saver/regular
SID,HDFC ELSS Tax Saver,SID dated November 21 2024,"https://files.hdfcfund.com/s3fs-public/SID/2024-11/SID%20-%20HDFC%20ELSS%20Tax%20Saver%20Fund%20dated%20November%2021,%202024.pdf"
Fund facts note,HDFC ELSS Tax Saver,Fund Facts / Positioning (Nov 2025),https://files.hdfcfund.com/s3fs-public/Others/2025-12/Fund%20Facts%20-%20HDFC%20TaxSaver%20Fund_November%2025.pdf
Scheme page (facts),HDFC Mid Cap Fund,HDFC Mid Cap Fund – Direct Plan,https://www.hdfcfund.com/explore/mutual-funds/hdfc-mid-cap-fund/direct
Scheme page (facts),HDFC Mid Cap Fund,HDFC Mid Cap Fund – Regular Plan,https://www.hdfcfund.com/explore/mutual-funds/hdfc-mid-cap-fund/regular
KIM,HDFC Mid Cap Fund,KIM dated November 21 2025,"https://files.hdfcfund.com/s3fs-public/KIM/2025-11/KIM%20-%20HDFC%20Mid%20Cap%20Fund%20dated%20November%2021,%202025_1.pdf"
Factsheet (all schemes),HDFC Mutual Fund,HDFC MF Monthly Factsheet - June 2026 (link for returns/performance questions),https://files.hdfcfund.com/s3fs-public/2026-07/HDFC%20MF%20Factsheet%20-%20June%202026.pdf
Document index,HDFC Mutual Fund,KIM document listing page,https://www.hdfcfund.com/mutual-funds/fund-documents/kim
Category page,HDFC Mutual Fund,Tax Saver / ELSS category page,https://www.hdfcfund.com/explore/mutual-funds/tax-saver
Educational,HDFC Mutual Fund,What Are ELSS Mutual Funds?,https://www.hdfcfund.com/learners-corner/beginner/what-are-elss-mutual-funds
Statement/tax-doc guide,HDFC Mutual Fund,How to get a Capital Gain Statement for MF schemes,https://www.hdfcfund.com/learn/blog/how-get-capital-gain-statement-mutual-fund-schemes-india
Regulatory (riskometer),SEBI,Circular on Product Labeling in MF Schemes - Risk-o-meter,https://www.sebi.gov.in/legal/circulars/oct-2020/circular-on-product-labeling-in-mutual-fund-schemes-risk-o-meter_47796.html
Regulatory (riskometer),SEBI,Understanding the Riskometer - SEBI Investor,https://investor.sebi.gov.in/riskometer.html
Investor education,AMFI,Risks in Mutual Funds - Knowledge Center,https://www.amfiindia.com/investor/knowledge-center-info?zoneName=riskInMutualFunds
Investor education,AMFI,AMFI Investor Corner (educational link in advice refusals),https://www.amfiindia.com/investor
